<?xml version="1.0" encoding="UTF-8"?>
<beans xmlns="http://www.springframework.org/schema/beans"
       xmlns:xsi="http://www.w3.org/2001/XMLSchema-instance"
       xsi:schemaLocation="
http://www.springframework.org/schema/beans http://www.springframework.org/schema/beans/spring-beans-2.0.xsd">

  <bean id="calculator" class="com.pmosoft.ett.Calculator"/>

  <bean id="myCalculator" class="com.pmosoft.ett.MyCalculator">
  	<property name = "calculator">
  		<ref bean ="calculator"/>
  	</property>
  	
  	<property name = "firstNum" value="10"></property>
  	<property name = "secondNum" value="2"></property>
  </bean>

</beans>