<?xml version="1.0" encoding="UTF-8"?>
<beans xmlns="http://www.springframework.org/schema/beans"
       xmlns:xsi="http://www.w3.org/2001/XMLSchema-instance"
       xsi:schemaLocation="
http://www.springframework.org/schema/beans http://www.springframework.org/schema/beans/spring-beans-2.0.xsd">

	<bean id="dataSource" class="org.springframework.jdbc.datasource.DriverManagerDataSource" >
		<property name="driverClassName" value="oracle.jdbc.driver.OracleDriver" />
		<property name="url" value="jdbc:oracle:thin:@localhost:1521:orcl" />
		<property name="username" value="scott" />
		<property name="password" value="tiger" />
	</bean>
 
    <bean id="sqlSessionFactory" class="org.mybatis.spring.SqlSessionFactoryBean">
        <property name="dataSource" ref="dataSource" />
        <property name="mapperLocations" value="test/jdbc/mybatis/oracle/EmpDao.xml" />
    </bean>
     
    <bean id="sqlSession" class="org.mybatis.spring.SqlSessionTemplate">
        <constructor-arg index="0" ref="sqlSessionFactory"/>
    </bean>
 
 
	<bean id="TestJdbcMybatisOracle" class="test.jdbc.mybatis.oracle.TestJdbcMybatisOracle">
		<property name="sqlSession" ref="sqlSession"/>
	</bean>

	
</beans>
