<beans xmlns="http://www.springframework.org/schema/beans" xmlns:context="http://www.springframework.org/schema/context" xmlns:xsi="http://www.w3.org/2001/XMLSchema-instance" xsi:schemaLocation="http://www.springframework.org/schema/beans http://www.springframework.org/schema/beans/spring-beans-4.0.xsd       http://www.springframework.org/schema/context http://www.springframework.org/schema/context/spring-context-4.0.xsd">

	<context:component-scan base-package="egovframework">
		<context:include-filter expression="org.springframework.stereotype.Service" type="annotation"/>
		<context:include-filter expression="org.springframework.stereotype.Repository" type="annotation"/>
		<context:exclude-filter expression="org.springframework.stereotype.Controller" type="annotation"/>
	</context:component-scan>
	
	<context:annotation-config/>	<!--  registered for JavaConfig -->

    <bean class="egovframework.com.cmm.EgovMessageSource" id="egovMessageSource">
        <property name="reloadableResourceBundleMessageSource">
            <ref bean="messageSource"/>
        </property>
    </bean>
    
	<!-- 실행환경에서 빈 이름 참조(AbstractServiceImpl) -->

	<bean class="egovframework.rte.fdl.cmmn.trace.manager.DefaultTraceHandleManager" id="egov.traceHandlerService">
		<property name="reqExpMatcher">
			<ref bean="egov.antPathMater"/>
		</property>
		<property name="patterns">
			<list>
				<value>*</value>
			</list>
		</property>
		<property name="handlers">
			<list>
				<ref bean="egov.defaultTraceHandler"/>
			</list>
		</property>
	</bean>

	<bean class="org.springframework.util.AntPathMatcher" id="egov.antPathMater"/>

	<bean class="egovframework.rte.fdl.cmmn.trace.handler.DefaultTraceHandler" id="egov.defaultTraceHandler"/>


    <!-- MULTIPART RESOLVERS -->
    <!-- regular spring resolver -->
    <bean class="org.springframework.web.multipart.commons.CommonsMultipartResolver" id="spring.RegularCommonsMultipartResolver">
        <property name="maxUploadSize" value="600000000"/>
        <property name="maxInMemorySize" value="100000000"/>
    </bean>

    <!-- custom multi file resolver -->
    <bean class="egovframework.com.cmm.web.EgovMultipartResolver" id="local.MultiCommonsMultipartResolver">
        <property name="maxUploadSize" value="100000000"/>
        <property name="maxInMemorySize" value="100000000"/>
    </bean>

    <!-- choose one from above and alias it to the name Spring expects -->
    <!-- alias name="local.MultiCommonsMultipartResolver" alias="multipartResolver" /-->
    <alias alias="multipartResolver" name="spring.RegularCommonsMultipartResolver"/>

</beans>